job title,company name,location,description,links,date
Quantity Surveyor,Arabian Construction CompanyDubai Â· UAE,Dubai Â· UAE,"Quantity take-off, subcontract verification and assisting QS Manager where required. Payment preparation, variation order, submittalâ€¦",https://www.bayt.com/en/uae/jobs/quantity-surveyor-5222525/,6 hours ago
Electrical Engineer,Arabian Construction Company,Dubai Â· UAE,"For the construction of a luxurious villa in Dubai, an MEP Engineer is a singleâ€“level professional classification responsible forâ€¦",https://www.bayt.com/en/uae/jobs/electrical-engineer-5222094/,Yesterday
Senior Estimator,Gulf Mechanical Acoustic Manufacturing - GMAMCODubai Â· UAE,Dubai Â· UAE,"Project Evaluation: Conduct in-depth reviews of interior design plans, fitout specifications, and exhibition requirements. Collaborateâ€¦",https://www.bayt.com/en/uae/jobs/senior-estimator-5056922/,Yesterday
Quantity Surveyor Engineer,Gulf Mechanical Acoustic Manufacturing - GMAMCO,Dubai Â· UAE,"Preparation of cost estimates, bills of quantities and tender documents. Negotiating with suppliers and subcontractors to obtain theâ€¦",https://www.bayt.com/en/uae/jobs/quantity-surveyor-engineer-5221745/,2 days ago
LMIA APPROVED SOFT WARE ENGINEER,Confidential CompanyDubai Â· UAE,Dubai Â· UAE,re you a Software Engineer or a fluent French Speaker dreaming of working and living in Canada? ðŸŒâœ¨ Your opportunity starts here! Atâ€¦,https://www.bayt.com/en/uae/jobs/lmia-approved-soft-ware-engineer-5221406/,4 days ago
Senior Structural Engineer - Design,Confidential Company,Dubai Â· UAE,Key Responsibilities 1. Structural engineering competence 2. Knowledge of all structural analysis tools and softwareâ€™s 3. Experienceâ€¦,https://www.bayt.com/en/uae/jobs/senior-structural-engineer-design-5220563/,7 days ago
Quality Engineer,Touch Plus Building Contracting LLCDubai Â· UAE,Dubai Â· UAE,"Oil & Gas Measurement Limited (OGM), a leader in providing cutting-edge process solutions for the oil, gas, and chemical industries,â€¦",https://www.bayt.com/en/uae/jobs/quality-engineer-5220627/,7 days ago
MEP Engineer,Touch Plus Building Contracting LLC,Dubai Â· UAE,"As an MEP (Mechanical, Electrical, and Plumbing) Engineer, you will be responsible for designing and overseeing the installation ofâ€¦",https://www.bayt.com/en/uae/jobs/mep-engineer-5220289/,8 days ago
Project Coordinator / Estimator,Space View documents clearance services llcDubai Â· UAE,Dubai Â· UAE,"We are looking for a Project Coordinator and Estimator with at least 2 years of experience in project estimation, client coordination,â€¦",https://www.bayt.com/en/uae/jobs/project-coordinator-estimator-5220217/,7 days ago
Quantity Surveyor,Space View documents clearance services llc,Dubai Â· UAE,Position Title: Quantity Surveyor Employment Type: Full Time Salary: up to 10K AED all-inclusiveâ€¦,https://www.bayt.com/en/uae/jobs/quantity-surveyor-5220065/,9 days ago
Job Opportunity: Quantity Surveyor (Dubai),TAV TEPE AFKEN INVESTMENT AND CONSTRUCTION COMPANYDubai Â· UAE,Dubai Â· UAE,I represent a leading Executive Search and Recruitment firm based in Dubai. Job Responsibilities * Interim payments * Variations &â€¦,https://www.bayt.com/en/uae/jobs/job-opportunity-quantity-surveyor-dubai-5217874/,15 days ago
Young Construction Engineer,TAV TEPE AFKEN INVESTMENT AND CONSTRUCTION COMPANY,Dubai Â· UAE,"Responsibilities Manage and oversee construction activities from start to finish. Lead teams, coordinate with subcontractors, andâ€¦",https://www.bayt.com/en/uae/jobs/young-construction-engineer-5214401/,28 days ago
Research And Development Specialist,Nathan & NathanDubai Â· UAE,Dubai Â· UAE,"KEY ACCOUNTABILITIES: Assist in the development of new food products by conducting experiments, performing tests, and following establishedâ€¦",https://www.bayt.com/en/uae/jobs/research-and-development-specialist-5217833/,17 days ago
Technical Services Engineer,Nathan & Nathan,Dubai Â· UAE,About the Company DC Aviation Al Futtaim (DCAF) has come a long way since its establishment in 2013 as the only integrated Hangarâ€¦,https://www.bayt.com/en/uae/jobs/technical-services-engineer-5217827/,17 days ago
L1 Support Engineers â€“ (Shift basis),Maison Fashion LLCDubai Â· UAE,Dubai Â· UAE,"Provide technical support and assistance for customers/users. Diagnose and resolve technical issues related to networking, computerâ€¦",https://www.bayt.com/en/uae/jobs/l1-support-engineers-shift-basis-5217326/,19 days ago
Evaluation Engineer,Maison Fashion LLC,Dubai Â· UAE,"Job Description: Evaluation Engineer â€“ Be the Gear That Drives Our Success! Whatâ€™s in Your Lane? As an Evaluation Engineer, youâ€™ll:â€¦",https://www.bayt.com/en/uae/jobs/evaluation-engineer-5217059/,20 days ago
Data Engineer | Group Technology,Aims Home Technical ServicesDubai Â· UAE,Dubai Â· UAE,"Overview of the role As an Data engineer in our team, you will be responsible for governing solutions, assessing complex new dataâ€¦",https://www.bayt.com/en/uae/jobs/data-engineer-group-technology-5216043/,23 days ago
Senior Mechanical / Electrical Engineers (MEP),Aims Home Technical Services,Dubai Â· UAE,"We are hiring skilled Supervision Engineers (Mechanical & Electrical) Mechanical Supervision Engineers, to oversee Mechanicalâ€¦",https://www.bayt.com/en/uae/jobs/senior-mechanical-electrical-engineers-mep-5212857/,23 days ago
Condition Monitoring Engineer,RTC1 Recruitment ServicesDubai Â· UAE,Dubai Â· UAE,1. Data collection with preferably Vibxpert II and Falcon Expert with Omnitrend and Nest i4.0 software's 2. Detailed Spectral andâ€¦,https://www.bayt.com/en/uae/jobs/condition-monitoring-engineer-5215256/,24 days ago
Young Construction Engineer,RTC1 Recruitment Services,Dubai Â· UAE,"Communicating effectively with diverse teams, including architects, engineers, tradespeople, and clients. Conduct quality controlâ€¦",https://www.bayt.com/en/uae/jobs/young-construction-engineer-5214414/,28 days ago
"CIVIL & STRUCTURE ENGINEER (TELECOM Co.) - Abu Dhabi, Dubai, Sharjah, UAE",Star ServicesDubai Â· UAE,Dubai Â· UAE,"Job Description: Civil & Structure Engineer (Telecom) Location: Abu Dhabi, Dubai, Sharjah â€“ UAE Position Summary: The Civil &â€¦",https://www.bayt.com/en/uae/jobs/civil-structure-engineer-telecom-co-abu-dhabi-dubai-sharjah-uae-5214292/,28 days ago
Technical Engineer,Star Services,Dubai Â· UAE,"The Technical Engineer plays a crucial role in the construction and building industry, focusing on the design, implementation, andâ€¦",https://www.bayt.com/en/uae/jobs/technical-engineer-5213789/,29 days ago
Senior Manager - Material Management,AL SABI GLASS & MIRRORS L.L.CDubai Â· UAE,Dubai Â· UAE,What you will do: Demand Planning â€¢ Standardize multi brand parts procurement â€¢ Maintain accurate service levels â€¢ Maintainâ€¦,https://www.bayt.com/en/uae/jobs/senior-manager-material-management-5213629/,30 days ago
Fit-out Project Engineer,AL SABI GLASS & MIRRORS L.L.C,Dubai Â· UAE,"Job Description: Oversee the planning, scheduling, and execution of fit-out projects, ensuring alignment with design specifications,â€¦",https://www.bayt.com/en/uae/jobs/fit-out-project-engineer-5213590/,30 days ago
Inspection Conformity Engineer,Al Futtaim GroupDubai Â· UAE,Dubai Â· UAE,"The Inspection Conformity Engineer is responsible for overseeing the conformity assessment process, ensuring that products and servicesâ€¦",https://www.bayt.com/en/uae/jobs/inspection-conformity-engineer-5213526/,30 days ago
"Senior Maintenance Engineer (UAE National), Reliability Maintenance Engineering",Al Futtaim Group,Dubai Â· UAE,DESCRIPTION The Facilities Coordinator will have a significant impact on customer experience. He/She will have the ability to leadâ€¦,https://www.bayt.com/en/uae/jobs/senior-maintenance-engineer-uae-national-reliability-maintenance-engineering-5213523/,30 days ago
MEP Project Engineer,RTC1 Recruitment ServicesDubai Â· UAE,Dubai Â· UAE,"Project Engineer plays a crucial role in the successful execution of interior design, fit-out, and joinery projects. This positionâ€¦",https://www.bayt.com/en/uae/jobs/mep-project-engineer-5213437/,30 days ago
Service Engineer,RTC1 Recruitment Services,Dubai Â· UAE,"Plan and coordinate the routine maintenance of plant, equipment and machinery and be in contact with customers to solve and conduct breakdowns , works ahead...",https://www.bayt.com/en/uae/jobs/service-engineer-5217256/,18 days ago
Electrical Engineer,Confidential CompanyDubai Â· UAE,Dubai Â· UAE,We are looking for a professional and competent Electrical Engineer to join our company as a Site Engineer / Projects Engineer reportingâ€¦,https://www.bayt.com/en/uae/jobs/electrical-engineer-5210206/,21 days ago
Civil Engineer,Confidential Company,Dubai Â· UAE,"Design and Planning : Â· Lead the design and development of civil engineering projects, ensuring compliance with safety, environmental,â€¦",https://www.bayt.com/en/uae/jobs/civil-engineer-5216287/,22 days ago
Quantity Surveyor (Interior Fit-out and Joinery),Amazon MENADubai Â· UAE,Dubai Â· UAE,"Our client, one of the top interior fit-out companies involved in Hospitality, Commercial spaces, and Villa fit-outs in the Middleâ€¦",https://www.bayt.com/en/uae/jobs/quantity-surveyor-interior-fit-out-and-joinery-5215803/,23 days ago
Civil Engineer (Emiratisation),Amazon MENA,Dubai Â· UAE,"As a graduate civil engineer you will assist in the planning, design, and execution of civil engineering projects. Client Detailsâ€¦",https://www.bayt.com/en/uae/jobs/civil-engineer-emiratisation-5215626/,23 days ago
Civil Engineer,Confidential CompanyDubai Â· UAE,Dubai Â· UAE,"Plan, schedule and execute Project Plan. Visit the construction site to assess practical challenges and study relevant reports forâ€¦",https://www.bayt.com/en/uae/jobs/civil-engineer-5214153/,28 days ago
Civil Engineer,Confidential Company,Dubai Â· UAE,Position Title: Civil Engineer Employment Type: Full Time Salary: up to 25K AEDâ€¦,https://www.bayt.com/en/uae/jobs/civil-engineer-5214313/,28 days ago
Civil Engineer,redcraneDubai Â· UAE,Dubai Â· UAE,Oversee construction progress from start to finish (ground up and/or renovations). Handle processing of documents to local authoritiesâ€¦,https://www.bayt.com/en/uae/jobs/civil-engineer-5214257/,28 days ago
Architect,redcrane,Dubai Â· UAE,"Are you ready to shape the skyline of Dubai? Join a forward-thinking contracting firm renowned for delivering cutting-edge residential,â€¦",https://www.bayt.com/en/uae/jobs/architect-5213801/,29 days ago
Quantity Surveyor,Emirates Sun Contracting Co LLCDubai Â· UAE,Dubai Â· UAE,"Responsibilities: Prepare detailed cost estimates and manage project budgets throughout the lifecycle, advising on cost-efficientâ€¦",https://www.bayt.com/en/uae/jobs/quantity-surveyor-5213644/,30 days ago
"BBS and detailing engineer, Downstream solutions",Emirates Sun Contracting Co LLC,Dubai Â· UAE,"RELOCATION TO INDIA REQUIRED!!! Job Description: BBS and Detailing Engineer, Downstream solutions Organisational Profile 1. Positionâ€¦",https://www.bayt.com/en/uae/jobs/bbs-and-detailing-engineer-downstream-solutions-5212620/,30+ days ago
Application Deployment / Release Management Engineer,Alpha Tech Building Contracting LLCDubai Â· UAE,Dubai Â· UAE,We are seeking an experienced Senior Web/Java Application Deployment Engineer to join our team remotely for a prestigious bankingâ€¦,https://www.bayt.com/en/uae/jobs/application-deployment-release-management-engineer-5211615/,30+ days ago
Alteration Engineer,Alpha Tech Building Contracting LLC,Dubai Â· UAE,Roles & Responsibilities Create and modify detailed alteration plans and drawings for villas using AutoCAD. Obtain necessary permitsâ€¦,https://www.bayt.com/en/uae/jobs/alteration-engineer-5210469/,30+ days ago
Engineer for Approval of Construction Materials in UAE Municipalities,GEW LLCDubai Â· UAE,Dubai Â· UAE,The UAE-based company is looking for an Engineer with Experience in Approving Construction Materials in UAE Municipalities. Employmentâ€¦,https://www.bayt.com/en/uae/jobs/engineer-for-approval-of-construction-materials-in-uae-municipalities-5209129/,30+ days ago
ClickHouse Developer/Data Engineer,GEW LLC,Dubai Â· UAE,The ClickHouse Developer/Data Engineer role is ideal for someone with strong backend development skills and a deep understanding ofâ€¦,https://www.bayt.com/en/uae/jobs/clickhouse-developer-data-engineer-5208758/,30+ days ago
Service Engineer,Michael PageDubai Â· UAE,Dubai Â· UAE,"Service Engineer Location: Dubai, United Arab Emirates Salary: Market related Our client is a global freezer manufacturer with facilitiesâ€¦",https://www.bayt.com/en/uae/jobs/service-engineer-5204729/,30+ days ago
Fit-out Estimator,Michael Page,Dubai Â· UAE,Position Title: Fit-out Estimator Employment Type: Full Time Salary: up to 9K AED all-inclusiveâ€¦,https://www.bayt.com/en/uae/jobs/fit-out-estimator-5212811/,30+ days ago
"Facilities Coordinator, Reliability Maintenance Engineering RME",SAS Human CapitalDubai Â· UAE,Dubai Â· UAE,DESCRIPTION The Facilities Coordinator will have a significant impact on customer experience. He/She will have the ability to leadâ€¦,https://www.bayt.com/en/uae/jobs/facilities-coordinator-reliability-maintenance-engineering-rme-5211874/,30+ days ago
Concept Architect (UAE National),SAS Human Capital,Dubai Â· UAE,Black & Grey HR is recruiting a Concept Architect (UAE National) to join our client's team in the luxury building materials industryâ€¦,https://www.bayt.com/en/uae/jobs/concept-architect-uae-national-5209735/,30+ days ago
Estimator,RTC1 Recruitment ServicesDubai Â· UAE,Dubai Â· UAE,"As a leading Architectural Hardware Supplier in UAE, we are seeking a detail-oriented and experienced estimator, preferably with knowledgeâ€¦",https://www.bayt.com/en/uae/jobs/estimator-5208173/,30+ days ago
"WHS Officer, Safety Officer",RTC1 Recruitment Services,Dubai Â· UAE,"DESCRIPTION Amazon is looking for a workplace, Health and Safety (WHS) Coordinator to add to the team: Year-on-year, as we continueâ€¦",https://www.bayt.com/en/uae/jobs/whs-officer-safety-officer-5205292/,30+ days ago
Civil Engineer,Amazon MENADubai Â· UAE,Dubai Â· UAE,Our client is seeking a talented and motivated Civil Engineer to join their team. This is a fantastic opportunity for both male andâ€¦,https://www.bayt.com/en/uae/jobs/civil-engineer-5204092/,30+ days ago
QUANTITY SURVEYOR - VILLAS EXPERIENCE,Amazon MENA,Dubai Â· UAE,Company Description Jobs for Humanity is collaborating with Atkins to build an inclusive and just employment ecosystem. We supportâ€¦,https://www.bayt.com/en/uae/jobs/quantity-surveyor-villas-experience-72127651/,18 hours ago
Preventive Engineer,Black & Grey HRDubai Â· UAE,Dubai Â· UAE,Ø¶Ù…Ø§Ù† ØªØ·Ø¨ÙŠÙ‚ ØªØ¹Ù„ÙŠÙ…Ø§Øª Ø§Ø´ØªØ±Ø§Ø·Ø§Øª Ø§Ù„Ø³Ù„Ø§Ù…Ø© Ø§Ù„ÙˆÙ‚Ø§Ø¦ÙŠØ© ÙÙŠ Ø§Ù„Ù…Ø®Ø·Ø·Ø§Øª ÙˆØ§Ù„Ù…Ø´Ø§Ø±ÙŠØ¹ Ø§Ù„Ù‡Ù†Ø¯Ø³ÙŠØ© ÙˆØ§Ù‚ØªØ±Ø§Ø­ Ø§Ù„Ø­Ù„ÙˆÙ„ Ø§Ù„Ù…Ù†Ø§Ø³Ø¨Ø© ÙˆÙˆØ¶Ø¹ Ø§Ù„ØªÙˆØµÙŠØ§Øª. Ø¨ÙƒØ§Ù„ÙˆØ±ÙŠÙˆØ³ ÙÙŠ Ø§Ù„Ù‡Ù†Ø¯Ø³Ø©â€¦,https://www.bayt.com/en/uae/jobs/preventive-engineer-72127087/,18 hours ago
Senior Engineer - Drainage,Black & Grey HR,Dubai Â· UAE,"Company Description At AECOM, weâ€™re delivering a better world. We believe infrastructure creates opportunity for everyone. Whetherâ€¦",https://www.bayt.com/en/uae/jobs/senior-engineer-drainage-72124535/,18 hours ago
Senior Engineer - Planning,Silver ShoreDubai Â· UAE,Dubai Â· UAE,Senior Engineer - Planning THIS IS WHERE INCREDIBLE GROWTH BEGINS ENGINEERING SERVICES Senior Engineer â€“ Planning The team is doublingâ€¦,https://www.bayt.com/en/uae/jobs/senior-engineer-planning-72122897/,18 hours ago
Trainee Engineer - UAE National,Silver Shore,Dubai Â· UAE,"Req ID: 475712 At Alstom, we understand transport networks and what moves people. From high-speed trains, metros, monorails, andâ€¦",https://www.bayt.com/en/uae/jobs/trainee-engineer-uae-national-72123945/,18 hours ago
QUANTITY SURVEYOR- INFRASTRUCTURE,Amazon MENADubai Â· UAE,Dubai Â· UAE,Company Description Jobs for Humanity is collaborating with Atkins to build an inclusive and just employment ecosystem. We supportâ€¦,https://www.bayt.com/en/uae/jobs/quantity-surveyor-infrastructure-72122531/,Yesterday
Rolling Stock Engineer,Amazon MENA,Dubai Â· UAE,"Req ID: 475362 At Alstom, we understand transport networks and what moves people. From high-speed trains, metros, monorails, andâ€¦",https://www.bayt.com/en/uae/jobs/rolling-stock-engineer-72123902/,18 hours ago
"Assistant Resident Engineer - Marine, Dubai",Lobo ManagementDubai Â· UAE,Dubai Â· UAE,"Company Description Work with Us. Change the World. At AECOM, we're delivering a better world. Whether improving your commute, keepingâ€¦",https://www.bayt.com/en/uae/jobs/assistant-resident-engineer-marine-dubai-72124288/,18 hours ago
Senior Project Engineer - Site,Lobo Management,Dubai Â· UAE,"About Us: Ecocoast is a global leader in marine protection solutions, providing innovative and sustainable products and servicesâ€¦",https://www.bayt.com/en/uae/jobs/senior-project-engineer-site-72124992/,18 hours ago
SENIOR MECHANICAL ENGINEER,Jobs for HumanityDubai Â· UAE,Dubai Â· UAE,Company Description Jobs for Humanity is collaborating with Atkins to build an inclusive and just employment ecosystem. We supportâ€¦,https://www.bayt.com/en/uae/jobs/senior-mechanical-engineer-72120355/,2 days ago
SR. MECHANICAL ENGINEER (CHILLERS),Jobs for Humanity,Dubai Â· UAE,Company Description Jobs for Humanity is collaborating with Atkins to build an inclusive and just employment ecosystem. We supportâ€¦,https://www.bayt.com/en/uae/jobs/sr-mechanical-engineer-chillers-72120356/,2 days ago
Maintenance Engineer,Juma Al Majid GroupDubai Â· UAE,Dubai Â· UAE,Manage and follow signed maintenance contracts and direct the daily works & activities of the maintenance team to match the agreedâ€¦,https://www.bayt.com/en/uae/jobs/maintenance-engineer-72116392/,3 days ago
Senior Architect - Landscape Engineer (Site Role ) - Dubai,Juma Al Majid Group,Dubai Â· UAE,"Senior Architect - Landscape Engineer (Site Role ) - Dubai Dubai, ARE Job Description A Senior Landscape Architect is expected toâ€¦",https://www.bayt.com/en/uae/jobs/senior-architect-landscape-engineer-site-role-dubai-72124644/,3 days ago
Onsite Desktop Engineer - L2 Dubai,AecomDubai Â· UAE,Dubai Â· UAE,Are you tech-savvy problem solver? Join our team as a Desktop Support Engineer and help keep our organization running smoothly. You'llâ€¦,https://www.bayt.com/en/uae/jobs/onsite-desktop-engineer-l2-dubai-72113098/,4 days ago
Planning Engineer - Villa,Aecom,Dubai Â· UAE,About the job Planning Engineer - Villa General Description of Role and Responsibilities: Review/comment the Baseline Schedule andâ€¦,https://www.bayt.com/en/uae/jobs/planning-engineer-villa-72114271/,4 days ago
HSE Specialist/Coordinator Food,Excis Compliance LtdDubai Â· UAE,Dubai Â· UAE,About the job HSE Specialist/Coordinator Food We are seeking a dedicated and detail-oriented HSE Specialist/Coordinator to join ourâ€¦,https://www.bayt.com/en/uae/jobs/hse-specialist-coordinator-food-72109938/,5 days ago
LEAD PROCESS ENGINEER,Excis Compliance Ltd,Dubai Â· UAE,About the job LEAD PROCESS ENGINEER We are seeking an experienced Lead Processing Engineer to manage and oversee the engineering phaseâ€¦,https://www.bayt.com/en/uae/jobs/lead-process-engineer-72110277/,5 days ago
Senior Electrical Engineers / Electrical Engineer (12/11/2024),HILL INTERNATIONALDubai Â· UAE,Dubai Â· UAE,We are looking for a Senior Electrical Engineers / Electrical Engineer for one of our clients with the following details: Startingâ€¦,https://www.bayt.com/en/uae/jobs/senior-electrical-engineers-electrical-engineer-12-11-2024-72107812/,5 days ago
Mechanical Procurement Engineer,HILL INTERNATIONAL,Dubai Â· UAE,Mechanical Procurement Engineer Full-time Team: Supply Chain Management (SCM) Job Level: Middle (4 - 6 years) Company Descriptionâ€¦,https://www.bayt.com/en/uae/jobs/mechanical-procurement-engineer-72110656/,5 days ago
"Mechanical Procurement Engineer (Gas left Compressor , Rotating Equipment)",BD SELECTDubai Â· UAE,Dubai Â· UAE,"Mechanical Procurement Engineer (Gas left Compressor , Rotating Equipment) Full-time Team: Supply Chain Management (SCM) Job Level:â€¦",https://www.bayt.com/en/uae/jobs/mechanical-procurement-engineer-gas-left-compressor-rotating-equipment-72110757/,5 days ago
National Specifications Engineer,BD SELECT,Dubai Â· UAE,National Specifications Engineer We are looking for a National Specification Engineer to help increase Hilti Specifications by systematicallyâ€¦,https://www.bayt.com/en/uae/jobs/national-specifications-engineer-72106258/,6 days ago
National Specifications Engineer,Duncan & RossDubai Â· UAE,Dubai Â· UAE,National Specifications Engineer We are looking for a National Specification Engineer to help increase Hilti Specifications by systematicallyâ€¦,https://www.bayt.com/en/uae/jobs/national-specifications-engineer-72106210/,6 days ago
MATERIALS ARCHITECT - TRANSPORTATION,Duncan & Ross,Dubai Â· UAE,Company Description Jobs for Humanity is collaborating with Atkins to build an inclusive and just employment ecosystem. We supportâ€¦,https://www.bayt.com/en/uae/jobs/materials-architect-transportation-72105182/,6 days ago
National Specifications Engineer,MphExpertsDubai Â· UAE,Dubai Â· UAE,"RESPETAMOS TU PRIVACIDAD Con tu consentimiento, nosotros y Nosotros y nuestros socios hacemos el siguiente tratamiento de datos: Contentâ€¦",https://www.bayt.com/en/uae/jobs/national-specifications-engineer-72106158/,6 days ago
SENIOR MATERIALS ARCHITECT - TRANSPORTATION,MphExperts,Dubai Â· UAE,Company Description Jobs for Humanity is collaborating with Atkins to build an inclusive and just employment ecosystem. We supportâ€¦,https://www.bayt.com/en/uae/jobs/senior-materials-architect-transportation-72105148/,6 days ago
National Specifications Engineer,Archirodon groupDubai Â· UAE,Dubai Â· UAE,National Specifications Engineer We are looking for a National Specification Engineer to help increase Hilti Specifications by systematicallyâ€¦,https://www.bayt.com/en/uae/jobs/national-specifications-engineer-72106457/,6 days ago
SENIOR UG STATION STRUCTURAL/GEOTECHNICAL ENGINEER,Archirodon group,Dubai Â· UAE,Company Description Jobs for Humanity is collaborating with Atkins to build an inclusive and just employment ecosystem. We supportâ€¦,https://www.bayt.com/en/uae/jobs/senior-ug-station-structural-geotechnical-engineer-72105192/,6 days ago
SR. ROLLING STOCK ENGINEER,Archirodon groupDubai Â· UAE,Dubai Â· UAE,Company Description Jobs for Humanity is collaborating with Atkins to build an inclusive and just employment ecosystem. We supportâ€¦,https://www.bayt.com/en/uae/jobs/sr-rolling-stock-engineer-72105172/,6 days ago
SR. AFC ENGINEER,Archirodon group,Dubai Â· UAE,Company Description Jobs for Humanity is collaborating with Atkins to build an inclusive and just employment ecosystem. We supportâ€¦,https://www.bayt.com/en/uae/jobs/sr-afc-engineer-72105190/,6 days ago
National Specifications Engineer,Hilti AktiengesellschaftDubai Â· UAE,Dubai Â· UAE,National Specifications Engineer We are looking for a National Specification Engineer to help increase Hilti Specifications by systematicallyâ€¦,https://www.bayt.com/en/uae/jobs/national-specifications-engineer-72106151/,6 days ago
National Specifications Engineer,Hilti Aktiengesellschaft,Dubai Â· UAE,National Specifications Engineer We are looking for a National Specification Engineer to help increase Hilti Specifications by systematicallyâ€¦,https://www.bayt.com/en/uae/jobs/national-specifications-engineer-72106101/,6 days ago
National Specifications Engineer,Hilti ItaliaDubai Â· UAE,Dubai Â· UAE,National Specifications Engineer We are looking for a National Specification Engineer to help increase Hilti Specifications by systematicallyâ€¦,https://www.bayt.com/en/uae/jobs/national-specifications-engineer-72105983/,6 days ago
National Specifications Engineer,Hilti Italia,Dubai Â· UAE,National Specifications Engineer We are looking for a National Specification Engineer to help increase Hilti Specifications by systematicallyâ€¦,https://www.bayt.com/en/uae/jobs/national-specifications-engineer-72106228/,6 days ago
National Specifications Engineer,Hilti Nederland BVDubai Â· UAE,Dubai Â· UAE,National Specifications Engineer We are looking for a National Specification Engineer to help increase Hilti Specifications by systematicallyâ€¦,https://www.bayt.com/en/uae/jobs/national-specifications-engineer-72106056/,6 days ago
MATERIAL ARCHITECT,Hilti Nederland BV,Dubai Â· UAE,Company Description Jobs for Humanity is collaborating with Atkins to build an inclusive and just employment ecosystem. We supportâ€¦,https://www.bayt.com/en/uae/jobs/material-architect-72105128/,6 days ago
Senior Quantity Surveyor,Hilti Deutschland GmbHDubai Â· UAE,Dubai Â· UAE,"Company Description Work with Us. Change the World. At AECOM, we're delivering a better world. Whether improving your commute, keepingâ€¦",https://www.bayt.com/en/uae/jobs/senior-quantity-surveyor-72102857/,6 days ago
SENIOR MEP ENGINEER,Hilti Deutschland GmbH,Dubai Â· UAE,"About the job SENIOR MEP ENGINEER Key Responsibilities : Lead the design, planning, and implementation of Electrical/Mechanical systems â€¦",https://www.bayt.com/en/uae/jobs/senior-mep-engineer-72100882/,7 days ago
"Mechanical Procurement Engineer (Gas left Compressor , Rotating Equipment)",Jobs for HumanityDubai Â· UAE,Dubai Â· UAE,Company Description We are constantly growing and are currently looking for an experienced Mechanical Procurement Engineer to joinâ€¦,https://www.bayt.com/en/uae/jobs/mechanical-procurement-engineer-gas-left-compressor-rotating-equipment-72100388/,7 days ago
Sr. Proposal Engineer - Airport Cargo Handling Systems),Jobs for Humanity,Dubai Â· UAE,"Together, we make the difference Siemens Logistics is a leading provider of innovative and high-performance solutions for airportâ€¦",https://www.bayt.com/en/uae/jobs/sr-proposal-engineer-airport-cargo-handling-systems-72098796/,7 days ago
Senior Project Architect,AECOMDubai Â· UAE,Dubai Â· UAE,Help AG is looking for a talented and experienced Senior Project Architect who will play a crucial role in ensuring the success ofâ€¦,https://www.bayt.com/en/uae/jobs/senior-project-architect-72101185/,7 days ago
Mechanical Procurement Engineer,AECOM,Dubai Â· UAE,Company Description We are constantly growing and are currently looking for an experienced Mechanical Procurement Engineer to joinâ€¦,https://www.bayt.com/en/uae/jobs/mechanical-procurement-engineer-72100300/,7 days ago
LEAD STATIC MECHANIC ENGINEER,Duncan & RossDubai Â· UAE,Dubai Â· UAE,"About the job LEAD STATIC MECHANIC ENGINEER PURPOSE OF THE JOB: To lead the design, engineering, and execution of static equipmentâ€¦",https://www.bayt.com/en/uae/jobs/lead-static-mechanic-engineer-72096576/,8 days ago
"Intern - Project Surveyor (Civil, Electrical or Mechanical Engineer) - Ø¥Ù…Ø§Ø±Ø§ØªÙŠÙŠÙ† (Ø®Ù„Ø§ØµØ© Ø§Ù„Ù‚ÙŠØ¯)",Duncan & Ross,Dubai Â· UAE,"Company Description Work with Us. Change the World. At AECOM, we're delivering a better world. Whether improving your commute, keepingâ€¦",https://www.bayt.com/en/uae/jobs/intern-project-surveyor-civil-electrical-or-mechanical-engineer-%D8%A5%D9%85%D8%A7%D8%B1%D8%A7%D8%AA%D9%8A%D9%8A%D9%86-%D8%AE%D9%84%D8%A7%D8%B5%D8%A9-%D8%A7%D9%84%D9%82%D9%8A%D8%AF-72094818/,8 days ago
Senior Design Engineer - Coastal and Marine Structures,ArchirodonGroupDubai Â· UAE,Dubai Â· UAE,"Company Description Work with Us. Change the World. At AECOM, we're delivering a better world. Whether improving your commute, keepingâ€¦",https://www.bayt.com/en/uae/jobs/senior-design-engineer-coastal-and-marine-structures-72094719/,8 days ago
LEAD TELECOM ENGINEER,ArchirodonGroup,Dubai Â· UAE,"About the job LEAD TELECOM ENGINEER PURPOSE OF THE JOB: To lead the engineering, design, and execution of telecommunications systemsâ€¦",https://www.bayt.com/en/uae/jobs/lead-telecom-engineer-72087600/,11 days ago
Field Engineer,SiemensDubai Â· UAE,Dubai Â· UAE,Field Engineer Weâ€™re looking for customer-focused field engineer who would drive our technical solution offering with contractorsâ€¦,https://www.bayt.com/en/uae/jobs/field-engineer-72088269/,11 days ago
Field Engineer,Siemens,Dubai Â· UAE,Field Engineer Weâ€™re looking for customer-focused field engineer who would drive our technical solution offering with contractorsâ€¦,https://www.bayt.com/en/uae/jobs/field-engineer-72088248/,11 days ago
Field Engineer (Emiratisation),Help AGDubai Â· UAE,Dubai Â· UAE,Field Engineer (Emiratisation) Securing future business through specifications and approvals and coordinating all necessary effortsâ€¦,https://www.bayt.com/en/uae/jobs/field-engineer-emiratisation-72088102/,11 days ago
Field Engineer,Help AG,Dubai Â· UAE,Field Engineer Weâ€™re looking for customer-focused field engineer who would drive our technical solution offering with contractorsâ€¦,https://www.bayt.com/en/uae/jobs/field-engineer-72088107/,11 days ago
Field Engineer,ArchirodonGroupDubai Â· UAE,Dubai Â· UAE,"RESPETAMOS TU PRIVACIDAD Con tu consentimiento, nosotros y Nosotros y nuestros socios hacemos el siguiente tratamiento de datos: Contentâ€¦",https://www.bayt.com/en/uae/jobs/field-engineer-72088097/,11 days ago
Field Engineer,ArchirodonGroup,Dubai Â· UAE,Field Engineer Weâ€™re looking for customer-focused field engineer who would drive our technical solution offering with contractorsâ€¦,https://www.bayt.com/en/uae/jobs/field-engineer-72087855/,11 days ago
LEAD PIPELINE ENGINEER,Duncan & RossDubai Â· UAE,Dubai Â· UAE,"About the job LEAD PIPELINE ENGINEER PURPOSE OF THE JOB: To lead the design, engineering, and execution of pipeline systems duringâ€¦",https://www.bayt.com/en/uae/jobs/lead-pipeline-engineer-72087635/,11 days ago
LEAD PLANNING ENGINEER,Duncan & Ross,Dubai Â· UAE,"About the job LEAD PLANNING ENGINEER PURPOSE OF THE JOB: To lead the planning, scheduling, and progress monitoring activities forâ€¦",https://www.bayt.com/en/uae/jobs/lead-planning-engineer-72087640/,11 days ago
Desk Engineer,Duncan & RossDubai Â· UAE,Dubai Â· UAE,"Â· Well intervention program implementation. Â· Conduct onsite audits of equipment and tools, identify and address any instances ofâ€¦",https://www.bayt.com/en/uae/jobs/desk-engineer-72088119/,11 days ago
Field Engineer (Emiratisation),Duncan & Ross,Dubai Â· UAE,Field Engineer (Emiratisation) Securing future business through specifications and approvals and coordinating all necessary effortsâ€¦,https://www.bayt.com/en/uae/jobs/field-engineer-emiratisation-72088236/,11 days ago
Operation Engineer,CombuzzDubai Â· UAE,Dubai Â· UAE,Â· Oversee and manage daily operations of the company. Â· Develop and implement operational policies and procedures. Â· They must ensureâ€¦,https://www.bayt.com/en/uae/jobs/operation-engineer-72088129/,11 days ago
Field Engineer (Emiratisation),Combuzz,Dubai Â· UAE,"RESPETAMOS TU PRIVACIDAD Con tu consentimiento, nosotros y Nosotros y nuestros socios hacemos el siguiente tratamiento de datos: Contentâ€¦",https://www.bayt.com/en/uae/jobs/field-engineer-emiratisation-72088238/,11 days ago
Field Engineer (Emiratisation),HiltiDubai Â· UAE,Dubai Â· UAE,Field Engineer (Emiratisation) Securing future business through specifications and approvals and coordinating all necessary effortsâ€¦,https://www.bayt.com/en/uae/jobs/field-engineer-emiratisation-72088142/,11 days ago
Engineer,Hilti,Dubai Â· UAE,Ø£Ù‡Ø¯Ø§Ù Ø§Ù„ÙˆØ¸ÙŠÙØ© ÙˆØ¶Ø¹ Ø®Ø·Ø· ÙˆØ¢Ù„ÙŠØ§Øª Ø§Ù„Ø¹Ù…Ù„ Ø§Ù„Ø®Ø§ØµØ© Ø¨Ø§Ù„Ø£Ù…ÙˆØ± Ø§Ù„Ù‡Ù†Ø¯Ø³ÙŠÙ‡ ÙˆØ§Ù„ÙÙ†ÙŠÙ‡ Ù…Ù† Ø®Ù„Ø§Ù„ Ø§Ù„Ø§Ø´Ø±Ø§Ù Ø¹Ù„Ù‰ Ø¬Ù…ÙŠØ¹ Ø§Ù„Ø£Ø¹Ù…Ø§Ù„ Ø§Ù„ØªÙ†ÙÙŠØ°ÙŠÙ‡ Ùˆ Ø§Ù„Ø£ØµÙˆÙ„ Ø§Ù„Ø®Ø§ØµÙ‡ Ø¨Ø§Ù„Ù…Ù†Ø´Ø¢Øªâ€¦,https://www.bayt.com/en/uae/jobs/engineer-72087027/,11 days ago
Field Engineer (Emiratisation),CombuzzDubai Â· UAE,Dubai Â· UAE,Field Engineer (Emiratisation) Securing future business through specifications and approvals and coordinating all necessary effortsâ€¦,https://www.bayt.com/en/uae/jobs/field-engineer-emiratisation-72088154/,11 days ago
Field Engineer (Emiratisation),Combuzz,Dubai Â· UAE,Field Engineer (Emiratisation) Securing future business through specifications and approvals and coordinating all necessary effortsâ€¦,https://www.bayt.com/en/uae/jobs/field-engineer-emiratisation-72088320/,11 days ago
Field Engineer (Emiratisation),Hilti EspaÃ±aDubai Â· UAE,Dubai Â· UAE,Field Engineer (Emiratisation) Securing future business through specifications and approvals and coordinating all necessary effortsâ€¦,https://www.bayt.com/en/uae/jobs/field-engineer-emiratisation-72088234/,11 days ago
Field Engineer (Emiratisation),Hilti EspaÃ±a,Dubai Â· UAE,Field Engineer (Emiratisation) Securing future business through specifications and approvals and coordinating all necessary effortsâ€¦,https://www.bayt.com/en/uae/jobs/field-engineer-emiratisation-72088212/,11 days ago
Field Engineer (Emiratisation),Hilti AktiengesellschaftDubai Â· UAE,Dubai Â· UAE,Field Engineer (Emiratisation) Securing future business through specifications and approvals and coordinating all necessary effortsâ€¦,https://www.bayt.com/en/uae/jobs/field-engineer-emiratisation-72088164/,11 days ago
Field Engineer (Emiratisation),Hilti Aktiengesellschaft,Dubai Â· UAE,Field Engineer (Emiratisation) Securing future business through specifications and approvals and coordinating all necessary effortsâ€¦,https://www.bayt.com/en/uae/jobs/field-engineer-emiratisation-72088140/,11 days ago
Field Service Engineer I - UAE Nationals Only,Community Development AuthorityDubai Â· UAE,Dubai Â· UAE,"9 Suggestions are available Field Service Engineer I - UAE Nationals Only Location Emaar Buss.Park; Bld.2, Sheikh Zayed Road, Dubai,â€¦",https://www.bayt.com/en/uae/jobs/field-service-engineer-i-uae-nationals-only-72088040/,11 days ago
Design Engineer - Coastal and Marine Structures,Community Development Authority,Dubai Â· UAE,"Company Description Work with Us. Change the World. At AECOM, we're delivering a better world. Whether improving your commute, keepingâ€¦",https://www.bayt.com/en/uae/jobs/design-engineer-coastal-and-marine-structures-72086019/,11 days ago
Principal Design Engineer - Coastal and Marine Structures,Hilti PortugalDubai Â· UAE,Dubai Â· UAE,"Company Description Work with Us. Change the World. At AECOM, we're delivering a better world. Whether improving your commute, keepingâ€¦",https://www.bayt.com/en/uae/jobs/principal-design-engineer-coastal-and-marine-structures-72086057/,11 days ago
Field Engineer (Manual Req),Hilti Portugal,Dubai Â· UAE,Field Engineer Weâ€™re looking for customer-focused field engineer who would drive our technical solution offering with contractorsâ€¦,https://www.bayt.com/en/uae/jobs/field-engineer-manual-req-72083734/,12 days ago
Field Engineer (Manual Req),Hilti ItaliaDubai Â· UAE,Dubai Â· UAE,Field Engineer Weâ€™re looking for customer-focused field engineer who would drive our technical solution offering with contractorsâ€¦,https://www.bayt.com/en/uae/jobs/field-engineer-manual-req-72083712/,12 days ago
Field Engineer (Manual Req),Hilti Italia,Dubai Â· UAE,Field Engineer Weâ€™re looking for customer-focused field engineer who would drive our technical solution offering with contractorsâ€¦,https://www.bayt.com/en/uae/jobs/field-engineer-manual-req-72083829/,12 days ago
Field Engineer (Manual Req),Hilti MexicanaDubai Â· UAE,Dubai Â· UAE,"RESPETAMOS TU PRIVACIDAD Con tu consentimiento, nosotros y Nosotros y nuestros socios hacemos el siguiente tratamiento de datos: Contentâ€¦",https://www.bayt.com/en/uae/jobs/field-engineer-manual-req-72083708/,12 days ago
Field Engineer (Manual Req),Hilti Mexicana,Dubai Â· UAE,Field Engineer Weâ€™re looking for customer-focused field engineer who would drive our technical solution offering with contractorsâ€¦,https://www.bayt.com/en/uae/jobs/field-engineer-manual-req-72083532/,12 days ago
Field Engineer (Manual Req),Hilti PortugalDubai Â· UAE,Dubai Â· UAE,Field Engineer Weâ€™re looking for customer-focused field engineer who would drive our technical solution offering with contractorsâ€¦,https://www.bayt.com/en/uae/jobs/field-engineer-manual-req-72083811/,12 days ago
Field Engineer (Manual Req),Hilti Portugal,Dubai Â· UAE,Field Engineer Weâ€™re looking for customer-focused field engineer who would drive our technical solution offering with contractorsâ€¦,https://www.bayt.com/en/uae/jobs/field-engineer-manual-req-72087015/,12 days ago
Field Engineer (Manual Req),Hilti Nederland BVDubai Â· UAE,Dubai Â· UAE,"RESPETAMOS TU PRIVACIDAD Con tu consentimiento, nosotros y Nosotros y nuestros socios hacemos el siguiente tratamiento de datos: Contentâ€¦",https://www.bayt.com/en/uae/jobs/field-engineer-manual-req-72083717/,12 days ago
Field Engineer (Manual Req),Hilti Nederland BV,Dubai Â· UAE,Field Engineer Weâ€™re looking for customer-focused field engineer who would drive our technical solution offering with contractorsâ€¦,https://www.bayt.com/en/uae/jobs/field-engineer-manual-req-72083639/,12 days ago
Field Engineer (Manual Req),Hilti groupDubai Â· UAE,Dubai Â· UAE,Field Engineer Weâ€™re looking for customer-focused field engineer who would drive our technical solution offering with contractorsâ€¦,https://www.bayt.com/en/uae/jobs/field-engineer-manual-req-72083675/,12 days ago
JUNIOR HSE OFFICER - UAE NATIONAL,Hilti group,Dubai Â· UAE,Company Description Jobs for Humanity is collaborating with Atkins to build an inclusive and just employment ecosystem. We supportâ€¦,https://www.bayt.com/en/uae/jobs/junior-hse-officer-uae-national-72083387/,12 days ago
Principal Engineer - Dry Utilities,Hilti EspaÃ±aDubai Â· UAE,Dubai Â· UAE,"Company Description At AECOM, weâ€™re delivering a better world. We believe infrastructure creates opportunity for everyone. Whetherâ€¦",https://www.bayt.com/en/uae/jobs/principal-engineer-dry-utilities-72081015/,12 days ago
SENIOR ARCHITECT - STATIONS,Hilti EspaÃ±a,Dubai Â· UAE,Company Description Jobs for Humanity is collaborating with Atkins to build an inclusive and just employment ecosystem. We supportâ€¦,https://www.bayt.com/en/uae/jobs/senior-architect-stations-72083393/,12 days ago
GRADUATE MECHANICAL ENGINEER - UAE NATIONAL,Hilti FranceDubai Â· UAE,Dubai Â· UAE,Company Description Jobs for Humanity is collaborating with Atkins to build an inclusive and just employment ecosystem. We supportâ€¦,https://www.bayt.com/en/uae/jobs/graduate-mechanical-engineer-uae-national-72083391/,12 days ago
"Intern - Cost Consulting (Civil, Electrical or Mechanical Engineer) - Ø¥Ù…Ø§Ø±Ø§ØªÙŠÙŠÙ† (Ø®Ù„Ø§ØµØ© Ø§Ù„Ù‚ÙŠØ¯)",Hilti France,Dubai Â· UAE,"Company Description Work with Us. Change the World. At AECOM, we're delivering a better world. Whether improving your commute, keepingâ€¦",https://www.bayt.com/en/uae/jobs/intern-cost-consulting-civil-electrical-or-mechanical-engineer-%D8%A5%D9%85%D8%A7%D8%B1%D8%A7%D8%AA%D9%8A%D9%8A%D9%86-%D8%AE%D9%84%D8%A7%D8%B5%D8%A9-%D8%A7%D9%84%D9%82%D9%8A%D8%AF-72077049/,13 days ago
Onsite Desktop Engineer,Hilti Belgium NVDubai Â· UAE,Dubai Â· UAE,"Excis Compliance Ltd. is a leading global provider of IT solutions, dedicated to empowering businesses with innovative and reliableâ€¦",https://www.bayt.com/en/uae/jobs/onsite-desktop-engineer-72074126/,14 days ago
Architectural Engineer (02/12/2024),Hilti Belgium NV,Dubai Â· UAE,We are looking for a Architectural Engineer for one of our clients with the following details: Company: International Engineeringâ€¦,https://www.bayt.com/en/uae/jobs/architectural-engineer-02-12-2024-72069035/,15 days ago
Senior Pipeline Engineer (02/12/2024),Jobs for HumanityDubai Â· UAE,Dubai Â· UAE,We are looking for a Senior Pipeline Engineer for one of our clients with the following details: Company: International Engineeringâ€¦,https://www.bayt.com/en/uae/jobs/senior-pipeline-engineer-02-12-2024-72069051/,15 days ago
Pipeline Engineer (02/12/2024),Jobs for Humanity,Dubai Â· UAE,We are looking for a Pipeline Engineer for one of our clients with the following details: Company: International Engineering Companyâ€¦,https://www.bayt.com/en/uae/jobs/pipeline-engineer-02-12-2024-72069022/,15 days ago
Lead Process Safety Engineer (02/12/2024),AECOMDubai Â· UAE,Dubai Â· UAE,We are looking for a Lead Process Safety Engineer for one of our clients with the following details: Company: International Engineeringâ€¦,https://www.bayt.com/en/uae/jobs/lead-process-safety-engineer-02-12-2024-72069036/,15 days ago
Quantity Surveyor (Site-Based),AECOM,Dubai Â· UAE,"> > Quantity Surveyor (Site-Based) Quantity Surveyor (Site-Based) Salary Â£15,000 -18,000 AED per calendar month DoE Contractâ€¦",https://www.bayt.com/en/uae/jobs/quantity-surveyor-site-based-72071462/,15 days ago
Senior Pipeline Engineer (Offshore) (02/12/2024),Jobs for HumanityDubai Â· UAE,Dubai Â· UAE,We are looking for a Senior Pipeline Engineer (Offshore) for one of our clients with the following details: Company: Internationalâ€¦,https://www.bayt.com/en/uae/jobs/senior-pipeline-engineer-offshore-02-12-2024-72069055/,15 days ago
Road and Safety Engineer - Arabic Speaker,Jobs for Humanity,Dubai Â· UAE,Highly skilled and experienced Road and Safety Engineer to join our team. The successful candidate will be responsible for obtainingâ€¦,https://www.bayt.com/en/uae/jobs/road-and-safety-engineer-arabic-speaker-72062778/,18 days ago
Construction Workers And Engineers Needed,AdsfareDubai Â· UAE,Dubai Â· UAE,"Construction Workers And Engineers Needed Listing Type Offer List Category Location City Last update August 11, 2019 This excitingâ€¦",https://www.bayt.com/en/uae/jobs/construction-workers-and-engineers-needed-72056823/,19 days ago
CDR Report Writers In Dubai For Engineers Australia By CDRReport.Net,Adsfare,Dubai Â· UAE,CDR Report Writers In Dubai For Engineers Australia By CDRReport.Net Listing Type Offer List Category Location City Last update Decemberâ€¦,https://www.bayt.com/en/uae/jobs/cdr-report-writers-in-dubai-for-engineers-australia-by-cdrreport-net-72056645/,19 days ago
CDR Services In UAE For Engineers Australia At CDRAustralia.Org,AdsfareDubai Â· UAE,Dubai Â· UAE,CDR Services In UAE For Engineers Australia At CDRAustralia.Org Listing Type Offer List Category Location City Last update Novemberâ€¦,https://www.bayt.com/en/uae/jobs/cdr-services-in-uae-for-engineers-australia-at-cdraustralia-org-72056655/,19 days ago
Data Operations Engineer - SAS - Offshore,Adsfare,Dubai Â· UAE,"Data Operations Engineer - SAS - Offshore Listing Type Offer List Category Location City Last update August 11, 2024 Years of Experienceâ€¦",https://www.bayt.com/en/uae/jobs/data-operations-engineer-sas-offshore-72057125/,19 days ago
CDR Writing Services In UAE For Engineers Australia - CDRAustralia.Org,AdsfareDubai Â· UAE,Dubai Â· UAE,CDR Writing Services In UAE For Engineers Australia - CDRAustralia.Org Listing Type Offer List Category Location City Last updateâ€¦,https://www.bayt.com/en/uae/jobs/cdr-writing-services-in-uae-for-engineers-australia-cdraustralia-org-72056684/,19 days ago
Site Engineer / Civil Site Engineer / Construction Site Engineer,Adsfare,Dubai Â· UAE,"We are looking for a Site Engineers for one of our Post Construction industry client in Dubai . The role involves technical, managerial,â€¦",https://www.bayt.com/en/uae/jobs/site-engineer-civil-site-engineer-construction-site-engineer-72054987/,19 days ago
Get CDR Report Australia In UAE At CDRReport.Net,AdsfareDubai Â· UAE,Dubai Â· UAE,"Get CDR Report Australia In UAE At CDRReport.Net Listing Type Offer List Category Location City Last update December 02, 2023 Getâ€¦",https://www.bayt.com/en/uae/jobs/get-cdr-report-australia-in-uae-at-cdrreport-net-72056762/,19 days ago
Safety Officer (Stormwater Drainage),Adsfare,Dubai Â· UAE,Job Description We are currently seeking a highly motivated and experienced Safety Officer to join our team. The successful candidateâ€¦,https://www.bayt.com/en/uae/jobs/safety-officer-stormwater-drainage-72048583/,20 days ago
Safety Officer (Water Utility Experience),AdsfareDubai Â· UAE,Dubai Â· UAE,"Job Description Description: The role involves working on projects associated with Stormwater & Drainage, Flood Alleviation, Wastewaterâ€¦",https://www.bayt.com/en/uae/jobs/safety-officer-water-utility-experience-72048561/,20 days ago
Planning Engineer (Stormwater Drainage),Adsfare,Dubai Â· UAE,"Job Description As a Planning Engineer, you will play a key role in the planning and design of stormwater drainage systems for a varietyâ€¦",https://www.bayt.com/en/uae/jobs/planning-engineer-stormwater-drainage-72048574/,20 days ago
Senior ITS ( Intelligent Transportation Specialist ) Engineer,Redford RecruitersDubai Â· UAE,Dubai Â· UAE,"Company Description At AECOM, weâ€™re delivering a better world. We believe infrastructure creates opportunity for everyone. Whetherâ€¦",https://www.bayt.com/en/uae/jobs/senior-its-intelligent-transportation-specialist-engineer-72049103/,20 days ago
Senior Engineer ICT,Redford Recruiters,Dubai Â· UAE,"Company Description At AECOM, weâ€™re delivering a better world. We believe infrastructure creates opportunity for everyone. Whetherâ€¦",https://www.bayt.com/en/uae/jobs/senior-engineer-ict-72049092/,20 days ago
Road and Safety Engineer,AdsfareDubai Â· UAE,Dubai Â· UAE,We're looking to recruit a highly skilled and experienced Road and Safety Engineer to join our team in Dubai. The successful candidateâ€¦,https://www.bayt.com/en/uae/jobs/road-and-safety-engineer-72045787/,21 days ago
Lead Electrical Engineer,Adsfare,Dubai Â· UAE,"Wood is currently looking for a Lead Electrical Engineer to strengthen our team in Dubai, UAE. This is a seconded role with the clientâ€¦",https://www.bayt.com/en/uae/jobs/lead-electrical-engineer-72055577/,21 days ago
Planning Engineer,MWH GlobalDubai Â· UAE,Dubai Â· UAE,Job Description Stantec is looking to recruit Planning Engineer to join our team in Dubai. The Planning Engineer will be working onâ€¦,https://www.bayt.com/en/uae/jobs/planning-engineer-72048569/,21 days ago
Cloud Operations Engineer,MWH Global,Dubai Â· UAE,"1. Cloud Infrastructure Management: â€¢ Manage public cloud resources including servers, networks, databases, and container clusters.â€¦",https://www.bayt.com/en/uae/jobs/cloud-operations-engineer-72046037/,21 days ago
Lead Contracts Engineer - Drilling,MWH GlobalDubai Â· UAE,Dubai Â· UAE,"Lead Contracts Engineer - Drilling Sector: Oil & Gas Main Duties and Responsibilities: Responsible for planning, sourcing, andâ€¦",https://www.bayt.com/en/uae/jobs/lead-contracts-engineer-drilling-72046496/,21 days ago
Service Engineer,MWH Global,Dubai Â· UAE,Be visionary Teledyne Technologies Incorporated provides enabling technologies for industrial growth markets that require advancedâ€¦,https://www.bayt.com/en/uae/jobs/service-engineer-72047700/,21 days ago
HSE Officers,MWH GlobalDubai Â· UAE,Dubai Â· UAE,"Job Title: HSE Officer Experience: Minimum 3 Years Salary: â‚¹50,000 - â‚¹80,000 Location: Dubai Key Responsibilities: Identify and assessâ€¦",https://www.bayt.com/en/uae/jobs/hse-officers-72041909/,22 days ago
Project Engineer (Fire Fighting Systems),MWH Global,Dubai Â· UAE,"Ability to communicate with staff, stakeholders and customers in Oral and written English Ability to Prepare and submit FIR Reports,â€¦",https://www.bayt.com/en/uae/jobs/project-engineer-fire-fighting-systems-72041751/,22 days ago
Testing and Commissioning Engineers,SiscoDubai Â· UAE,Dubai Â· UAE,"Job Title: Testing and Commissioning Engineer Location: UAE Experience Required: 2-3 Years Salary Range: â‚¹50,000 to â‚¹90,000 Key Responsibilities:â€¦",https://www.bayt.com/en/uae/jobs/testing-and-commissioning-engineers-72041926/,22 days ago
Structural CAD Engineer,Sisco,Dubai Â· UAE,Company Description CNS Engineering Service is bringing technology and innovation to the engineering and construction sector withâ€¦,https://www.bayt.com/en/uae/jobs/structural-cad-engineer-72040991/,22 days ago
Quantity Surveyor (Storm Water Drainage),Ghobash GroupDubai Â· UAE,Dubai Â· UAE,Job Description Stantec is looking to hire a Quantity Surveyor for a Water Infrastructure Project in Dubai. âˆ’ Must have relevant tertiaryâ€¦,https://www.bayt.com/en/uae/jobs/quantity-surveyor-storm-water-drainage-72037804/,23 days ago
Field Service Engineer-Transformer Service,Ghobash Group,Dubai Â· UAE,Field Service Engineer-Transformer Service Field Service Engineer-Transformer Service You as a Field Service Engineer-Transformerâ€¦,https://www.bayt.com/en/uae/jobs/field-service-engineer-transformer-service-72037101/,24 days ago
MEP Engineer - Stormwater Drainage System,MWH GlobalDubai Â· UAE,Dubai Â· UAE,Job Description Stantec is looking to hire a MEP Engineer for a Water Infrastructure Projects in Dubai. Qualifications âˆ’ Strong computerâ€¦,https://www.bayt.com/en/uae/jobs/mep-engineer-stormwater-drainage-system-72031309/,25 days ago
Civil Engineer - Stormwater Drainage System,MWH Global,Dubai Â· UAE,Job Description Stantec is looking to hire a Civil Engineer for a Water Infrastructure Projects in Dubai. Qualifications The Civilâ€¦,https://www.bayt.com/en/uae/jobs/civil-engineer-stormwater-drainage-system-72031313/,25 days ago
Principal Electrical Engineer,Hitachi Energy Ltd.Dubai Â· UAE,Dubai Â· UAE,"Wood is currently looking for a Principal Electrical Engineer to strengthen our team in Dubai, UAE. This is a residential positionâ€¦",https://www.bayt.com/en/uae/jobs/principal-electrical-engineer-72046420/,25 days ago
Data Services & Storage Presales Architect,Hitachi Energy Ltd.,Dubai Â· UAE,Data Services & Storage Presales ArchitectThis role has been designed as â€˜â€™Onsiteâ€™ with an expectation that you will primarilyâ€¦,https://www.bayt.com/en/uae/jobs/data-services-storage-presales-architect-72031441/,25 days ago
"Resident Engineer, Professional Services",MWH GlobalDubai Â· UAE,Dubai Â· UAE,"Resident Professional, Services Engineer Professional Services within Fortinet, is an integral part of the support and services organization,â€¦",https://www.bayt.com/en/uae/jobs/resident-engineer-professional-services-72032569/,25 days ago
Resident Engineer - Stormwater Drainage System,MWH Global,Dubai Â· UAE,Job Description Stantec is looking to hire a Resident Engineer for a Water Infrastructure Projects in Dubai. âˆ’ The Resident Engineerâ€¦,https://www.bayt.com/en/uae/jobs/resident-engineer-stormwater-drainage-system-72031301/,25 days ago
Field Service Engineer-Transformer Service,MWH GlobalDubai Â· UAE,Dubai Â· UAE,"You as a Field Service Engineer-Transformer Service will be part of Hitachi Energy business based Abu Dhabi, UAE. You will be engagedâ€¦",https://www.bayt.com/en/uae/jobs/field-service-engineer-transformer-service-72032560/,25 days ago
Naval Architect,MWH Global,Dubai Â· UAE,About the job Naval Architect Date Posted: 21-11-24 Designation : Naval Architect Key Responsibilities : Possess technical expertiseâ€¦,https://www.bayt.com/en/uae/jobs/naval-architect-72027134/,26 days ago
Shift Engineer,John Wood Group PLCDubai Â· UAE,Dubai Â· UAE,Company Description Please do not apply unless you have the required qualifications and experience. We will respond to all qualifiedâ€¦,https://www.bayt.com/en/uae/jobs/shift-engineer-72033636/,26 days ago
"Safety Advisor â€“ Health, Safety and Environment",John Wood Group PLC,Dubai Â· UAE,"Transguard Group was established in 2001 and has diversified significantly, we lead in the fields of Cash Services, Securityâ€¦",https://www.bayt.com/en/uae/jobs/safety-advisor-health-safety-and-environment-72025286/,27 days ago
Design Architect 6-8 years post qualification,Hewlett Packard EnterpriseDubai Â· UAE,Dubai Â· UAE,"AE Recruitment have secured a new and exciting role to work for a very well run, multi-disciplined consultancy in Dubai. The companyâ€¦",https://www.bayt.com/en/uae/jobs/design-architect-6-8-years-post-qualification-72015530/,28 days ago
Graduate Electrical Engineer (UAE National),Hewlett Packard Enterprise,Dubai Â· UAE,"Wood is looking for recent engineering graduates - Electrical Engineer to join our Engineering team in Dubai, UAE. As part of thisâ€¦",https://www.bayt.com/en/uae/jobs/graduate-electrical-engineer-uae-national-72023512/,29 days ago
SENIOR ELECTRICAL ENGINEER,"Fortinet, IncDubai Â· UAE",Dubai Â· UAE,"About the job SENIOR ELECTRICAL ENGINEER We are seeking a skilled and experienced Senior Electrical Engineer to join our team, focusingâ€¦",https://www.bayt.com/en/uae/jobs/senior-electrical-engineer-72013474/,29 days ago
Expression Of Interest - Senior Engineer Planning - Site Based,"Fortinet, Inc",Dubai Â· UAE,"Company Description Work with Us. Change the World. At AECOM, we're delivering a better world. Whether improving your commute, keepingâ€¦",https://www.bayt.com/en/uae/jobs/expression-of-interest-senior-engineer-planning-site-based-72011808/,29 days ago
Construction Project Engineer,MWH GlobalDubai Â· UAE,Dubai Â· UAE,About e.construct e.construct is an engineering firm that specializes in providing elegant engineering solutions for complex challenges.â€¦,https://www.bayt.com/en/uae/jobs/construction-project-engineer-72009025/,30+ days ago
Graduate Civil Engineer [UAE National],MWH Global,Dubai Â· UAE,Graduate Civil Engineer [UAE National] Location Dubai - MENA Role Graduates Share The Team Cundallâ€™s Civil Engineering is enormouslyâ€¦,https://www.bayt.com/en/uae/jobs/graduate-civil-engineer-uae-national-72006458/,30+ days ago
"Oil & Gas engineers, UAE",RINA Piraeus TeamDubai Â· UAE,Dubai Â· UAE,"to learn more. Oil & Gas Engineers, Dubai Posting Date: 14 Nov 2024 City: Dubai and Abu DHabi offices Location: Dubai and Abuâ€¦",https://www.bayt.com/en/uae/jobs/oil-gas-engineers-uae-72003925/,30+ days ago
Duty Engineer,RINA Piraeus Team,Dubai Â· UAE,Duty Engineer Job Description We are currently seeking for passionate and dynamic Maintenance professionals who pride themselves onâ€¦,https://www.bayt.com/en/uae/jobs/duty-engineer-72037499/,30+ days ago
International Marine Service engineer HGS,Rotana Hotel Management CorporationDubai Â· UAE,Dubai Â· UAE,International Marine Service engineer HGS page is loaded International Marine Service engineer HGS International Marine Service engineerâ€¦,https://www.bayt.com/en/uae/jobs/international-marine-service-engineer-hgs-71999401/,30+ days ago
Senior Quantity Surveyor - Civil,Rotana Hotel Management Corporation,Dubai Â· UAE,"Cost Estimation & Budgeting: Prepare detailed cost estimates and budgets for construction projects, ensuring accuracy and completenessâ€¦",https://www.bayt.com/en/uae/jobs/senior-quantity-surveyor-civil-71998740/,30+ days ago
Resident Engineer - House Connection and Miscellaneous Works,Alfa LavalDubai Â· UAE,Dubai Â· UAE,Job Description Stantec is looking to hire a Resident Engineer for a Water Infrastructure Projects in Dubai. The selected candidateâ€¦,https://www.bayt.com/en/uae/jobs/resident-engineer-house-connection-and-miscellaneous-works-71997243/,30+ days ago
Ansys Application Engineer - Optics,Alfa Laval,Dubai Â· UAE,Black & Grey HR is actively recruiting for a dynamic engineering-focused organization seeking an experienced Ansys Applicationâ€¦,https://www.bayt.com/en/uae/jobs/ansys-application-engineer-optics-71998748/,30+ days ago
Senior Marine Engineer,Careers InternationalDubai Â· UAE,Dubai Â· UAE,"Wood is hiring PMC Senior Marine Engineer to be based in Dubai, UAE Wood is a global leader in consulting and engineering, helpingâ€¦",https://www.bayt.com/en/uae/jobs/senior-marine-engineer-72006112/,30+ days ago
Duty Engineer,Careers International,Dubai Â· UAE,We are currently seeking for passionate and dynamic Maintenance professionals who pride themselves on their ability to deliver extraordinaryâ€¦,https://www.bayt.com/en/uae/jobs/duty-engineer-71997037/,30+ days ago
Expression Of Interest - Geotechnical Engineer- Site Based,MWH GlobalDubai Â· UAE,Dubai Â· UAE,"Company Description Work with Us. Change the World. At AECOM, we're delivering a better world. Whether improving your commute, keepingâ€¦",https://www.bayt.com/en/uae/jobs/expression-of-interest-geotechnical-engineer-site-based-71993293/,30+ days ago
Senior HSE Engineer,MWH Global,Dubai Â· UAE,Key Responsibilities: Conduct comprehensive risk assessments to identify potential hazards on construction sites. Develop and implementâ€¦,https://www.bayt.com/en/uae/jobs/senior-hse-engineer-71990030/,30+ days ago
MEP Engineer / Construction,Black & Grey HR Consultancy FZEDubai Â· UAE,Dubai Â· UAE,"Key Responsibilities: Lead and manage all MEP activities across multiple projects, ensuring that all mechanical, electrical, and plumbingâ€¦",https://www.bayt.com/en/uae/jobs/mep-engineer-construction-71990021/,30+ days ago
Planning Engineer,Black & Grey HR Consultancy FZE,Dubai Â· UAE,"Developing project plans and schedules based on the scope of work, resource and project constraints. Creating detailed schedulesâ€¦",https://www.bayt.com/en/uae/jobs/planning-engineer-71989644/,30+ days ago
Resident Engineer (Deep Tunnel Storm Water Outfall Extension),John Wood Group PLCDubai Â· UAE,Dubai Â· UAE,"Job Description At Stantec, we approach every project as a partnership, because our work creates a lasting impact on our clientsÃ¢Â€Â™â€¦",https://www.bayt.com/en/uae/jobs/resident-engineer-deep-tunnel-storm-water-outfall-extension-71988403/,30+ days ago
Project Engineer,John Wood Group PLC,Dubai Â· UAE,"Site Visit -Pre Bid Site Visit for Lighting, HVAC and Solar PV Project -Post Tender Survey 2.Site Information -BOQ Validation -BOQâ€¦",https://www.bayt.com/en/uae/jobs/project-engineer-71986023/,30+ days ago
Market Data Engineer,RotanaDubai Â· UAE,Dubai Â· UAE,Market Data Engineer Full-time Company Description We are a global algo trading company fully dedicated to technology. Our brilliantâ€¦,https://www.bayt.com/en/uae/jobs/market-data-engineer-71987843/,30+ days ago
Hardware Engineer,Rotana,Dubai Â· UAE,Job Title - Hardware Engineer Experience - 4 to 5 Years Location - Dubai Job Description We are seeking a talented and experiencedâ€¦,https://www.bayt.com/en/uae/jobs/hardware-engineer-71980042/,30+ days ago
Senior Technical Safety Engineer,AECOMDubai Â· UAE,Dubai Â· UAE,Wood is currently recruiting for Senior Technical Safety Engineer to strengthen our team in Dubai with possible trips to Iraq if theâ€¦,https://www.bayt.com/en/uae/jobs/senior-technical-safety-engineer-71990486/,30+ days ago
Concept Architect - Sanitary Fittings (UAE National),AECOM,Dubai Â· UAE,Black & Grey HR is recruiting a Concept Architect (UAE National) to join our client's team in the luxury building materials industryâ€¦,https://www.bayt.com/en/uae/jobs/concept-architect-sanitary-fittings-uae-national-71967685/,30+ days ago
Modernization Lift Engineer,Careers InternationalDubai Â· UAE,Dubai Â· UAE,"Performance Goals Contribute to achieving the departmentâ€™s business objectives by meeting assigned goals. Conduct site visits, prepareâ€¦",https://www.bayt.com/en/uae/jobs/modernization-lift-engineer-71967416/,30+ days ago
Light Design Engineer,Careers International,Dubai Â· UAE,About the job Light Design Engineer We are looking for a talented Light Design Engineer to join our home automation team in Dubai.â€¦,https://www.bayt.com/en/uae/jobs/light-design-engineer-71967299/,30+ days ago
KNX Engineer,CaliberlyDubai Â· UAE,Dubai Â· UAE,About the job KNX Engineer We are looking for an experienced KNX Engineer to join our innovative home automation team in Dubai. Theâ€¦,https://www.bayt.com/en/uae/jobs/knx-engineer-71967282/,30+ days ago
Senior Site Architect,Caliberly,Dubai Â· UAE,Job Description Stantec is currently looking for a Senior Site Architect with Healthcare experience to join our dynamic site teamâ€¦,https://www.bayt.com/en/uae/jobs/senior-site-architect-71971133/,30+ days ago
Quality & Warranty Engineer,MWH GlobalDubai Â· UAE,Dubai Â· UAE,"Develop, implement, and maintain quality control procedures to ensure products meet established standards. Conduct regular qualityâ€¦",https://www.bayt.com/en/uae/jobs/quality-warranty-engineer-71967406/,30+ days ago
Machine Shop Engineer,MWH Global,Dubai Â· UAE,About the job Machine Shop Engineer Date Posted: 7th Nov 2024 ï»¿ to apply pls chk the link below: https://jobs.reliancerecruiters.com/job/view/machine-shop-engineerï»¿â€¦,https://www.bayt.com/en/uae/jobs/machine-shop-engineer-71967423/,30+ days ago
Development Operations Engineer,Juma Al Majid GroupDubai Â· UAE,Dubai Â· UAE,Position : Development Operations Engineer Experience : 4-5 Years Salary : Depends Upon Experience Location : Dubai Job Descriptionâ€¦,https://www.bayt.com/en/uae/jobs/development-operations-engineer-71957044/,30+ days ago
Trainee HSE Officer â€“ (UAE National),Juma Al Majid Group,Dubai Â· UAE,Black & Grey HR is recruiting for a diversified group seeking a Traineer HSE Officer for the duration of 6 months. The traineeâ€¦,https://www.bayt.com/en/uae/jobs/trainee-hse-officer-uae-national-71957110/,30+ days ago
Lead Architect,Reliance HR ConsultancyDubai Â· UAE,Dubai Â· UAE,"About the job Lead Architect Key Responsibilities: Lead and manage architecture projects from concept to completion, ensuring allâ€¦",https://www.bayt.com/en/uae/jobs/lead-architect-71951492/,30+ days ago
Procurement Engineer,Reliance HR Consultancy,Dubai Â· UAE,"About the job Procurement Engineer Key Responsibilities: Source and select suppliers and subcontractors, specializing in fit-out materialsâ€¦",https://www.bayt.com/en/uae/jobs/procurement-engineer-71951470/,30+ days ago
SENIOR QUANTITY SURVEYOR (MEP),SiscoDubai Â· UAE,Dubai Â· UAE,"About the job SENIOR QUANTITY SURVEYOR (MEP) PURPOSE OF THE ROLE: As a MEP Quantity Surveyor, you will be responsible for managingâ€¦",https://www.bayt.com/en/uae/jobs/senior-quantity-surveyor-mep-71953062/,30+ days ago
Senior Site Engineer,Sisco,Dubai Â· UAE,Job Title - Senior Site Engineer Experience - 4 Years Location - Dubai Job Description We are seeking a highly skilled Senior Siteâ€¦,https://www.bayt.com/en/uae/jobs/senior-site-engineer-71946218/,30+ days ago
System Engineer â€“ UAE National,Black & Grey HR Consultancy FZEDubai Â· UAE,Dubai Â· UAE,Company Description CNS (Computer Network Systems) is a technology company in the middle-east & has over 30 years of successfulâ€¦,https://www.bayt.com/en/uae/jobs/system-engineer-uae-national-71942433/,30+ days ago
Electrical Engineer,Black & Grey HR Consultancy FZE,Dubai Â· UAE,About the job Electrical Engineer We are seeking a talented Electrical Engineer with 2 to 4 years of experience to join our team inâ€¦,https://www.bayt.com/en/uae/jobs/electrical-engineer-71938516/,30+ days ago
HSE Associate - UAE National,CaliberlyDubai Â· UAE,Dubai Â· UAE,Black & Grey HR is hiring an HSE Associate for a diversified group of companies that deliver world-class technological productsâ€¦,https://www.bayt.com/en/uae/jobs/hse-associate-uae-national-71934336/,30+ days ago
HSSE Permit to work officer DEWA III,Caliberly,Dubai Â· UAE,HSSE Permit to work officer DEWA III Full-time Business unit: Chief Operating Office Division: Project Management Office COO Companyâ€¦,https://www.bayt.com/en/uae/jobs/hsse-permit-to-work-officer-dewa-iii-71935203/,30+ days ago
Mep Engineer,CaliberlyDubai Â· UAE,Dubai Â· UAE,"Job Title - Mep Engineer Experience - 2 Years Location - Dubai Job Description We are seeking a skilled MEP (Mechanical, Electrical,â€¦",https://www.bayt.com/en/uae/jobs/mep-engineer-71934273/,30+ days ago
Senior Market Data Engineer,Caliberly,Dubai Â· UAE,Senior Market Data Engineer Full-time Company Description We are a global algo trading company fully dedicated to technology. Ourâ€¦,https://www.bayt.com/en/uae/jobs/senior-market-data-engineer-71935574/,30+ days ago
CONCEPT ARCHITECT,Duncan & RossDubai Â· UAE,Dubai Â· UAE,About the job CONCEPT ARCHITECT PURPOSE OF THE JOB: We are looking for a talented Concept Architect to join our dynamic team. As aâ€¦,https://www.bayt.com/en/uae/jobs/concept-architect-71929914/,30+ days ago
Assistant Resident Engineer - Civil (Sewerage Treatment Plant),Duncan & Ross,Dubai Â· UAE,Job Description Stantec is looking to hire a Assistant Resident Engineer for a Sewage Treatment Plant in Dubai. This role is for aâ€¦,https://www.bayt.com/en/uae/jobs/assistant-resident-engineer-civil-sewerage-treatment-plant-71927091/,30+ days ago
Data Engineer,SiscoDubai Â· UAE,Dubai Â· UAE,"Founded by Michael Lahyani in 2005 as a magazine (Al Bab World), Property Finder today is a single technology platform and brand acrossâ€¦",https://www.bayt.com/en/uae/jobs/data-engineer-71924228/,30+ days ago
Senior Quantity Surveyor (QS),Sisco,Dubai Â· UAE,About the job Senior Quantity Surveyor (QS) Position: Senior Quantity Surveyor (QS) Job Summary: We are looking for an experiencedâ€¦,https://www.bayt.com/en/uae/jobs/senior-quantity-surveyor-qs-71923735/,30+ days ago
Graduate Civil Engineer - Geotechnical Ø¥Ù…Ø§Ø±Ø§ØªÙŠÙŠÙ† (Ø®Ù„Ø§ØµØ© Ø§Ù„Ù‚ÙŠØ¯),AECOMDubai Â· UAE,Dubai Â· UAE,"Company Description Work with Us. Change the World. At AECOM, we're delivering a better world. Whether improving your commute, keepingâ€¦",https://www.bayt.com/en/uae/jobs/graduate-civil-engineer-geotechnical-%D8%A5%D9%85%D8%A7%D8%B1%D8%A7%D8%AA%D9%8A%D9%8A%D9%86-%D8%AE%D9%84%D8%A7%D8%B5%D8%A9-%D8%A7%D9%84%D9%82%D9%8A%D8%AF-71923340/,30+ days ago
Project Quality Engineer,AECOM,Dubai Â· UAE,Transguard Workforce Solutions is the UAEâ€™s leading provider of innovative HR solutions. With over a decade of experience inâ€¦,https://www.bayt.com/en/uae/jobs/project-quality-engineer-71912685/,30+ days ago
SIEM and EDR Engineer,Transguard groupDubai Â· UAE,Dubai Â· UAE,"Help AG is looking for an experienced SIEM and EDR Engineer who will be responsible for the creation of procedures, implementationâ€¦",https://www.bayt.com/en/uae/jobs/siem-and-edr-engineer-71910985/,30+ days ago
DevSecops Engineer,Transguard group,Dubai Â· UAE,"hashtag securitycontrols throughout the DevOps pipeline, including code repositories, CI/CD pipelines, and cloud environments. â€¢ Implementâ€¦",https://www.bayt.com/en/uae/jobs/devsecops-engineer-71909375/,30+ days ago
Project Engineer - UAE NATIONALS ONLY,Help AGDubai Â· UAE,Dubai Â· UAE,"9 Suggestions are available Project Engineer - UAE NATIONALS ONLY Location Emaar Buss.Park; Bld.2, Sheikh Zayed Road, Dubai, DUBAI,â€¦",https://www.bayt.com/en/uae/jobs/project-engineer-uae-nationals-only-71899049/,30+ days ago
Application Engineer (Temporary Position),Help AG,Dubai Â· UAE,"1. Prepare Quotations for customers as per instructions of Sales Team 2. Prepare Compliance statements, Submittals for projects 3.â€¦",https://www.bayt.com/en/uae/jobs/application-engineer-temporary-position-71892133/,30+ days ago
SENIOR PROCESS SAFETY ENGINEER,UHRSDubai Â· UAE,Dubai Â· UAE,About the job SENIOR PROCESS SAFETY ENGINEER The Senior Process Safety Engineer will be responsible for overseeing process safetyâ€¦,https://www.bayt.com/en/uae/jobs/senior-process-safety-engineer-71871994/,30+ days ago
Solutions Engineer - Dubai,UHRS,Dubai Â· UAE,ðŸª Privacy Notice Solutions Engineer - Dubai Dubai Go To Market â€“ Sales / Full-time / Remote Sonar solves the trillion-dollar challengeâ€¦,https://www.bayt.com/en/uae/jobs/solutions-engineer-dubai-71872831/,30+ days ago
PIPELINE STRESS ENGINEER,"Honeywell International, Inc.Dubai Â· UAE",Dubai Â· UAE,About the job PIPELINE STRESS ENGINEER The Pipeline Stress Engineer will be responsible for conducting pipeline stress analysis duringâ€¦,https://www.bayt.com/en/uae/jobs/pipeline-stress-engineer-71872042/,30+ days ago
Lead/Senior Electrical Engineer (16/10/2024),"Honeywell International, Inc.",Dubai Â· UAE,We are looking for a Lead/Senior Electrical Engineer for one of our clients with the following details: Starting date: ASAP Durationâ€¦,https://www.bayt.com/en/uae/jobs/lead-senior-electrical-engineer-16-10-2024-71869258/,30+ days ago
Electrical Engineer-Contracting,Juma Al Majid GroupDubai Â· UAE,Dubai Â· UAE,"The Electrical Engineer will be responsible for the design, development, and oversight of electrical systems and infrastructure forâ€¦",https://www.bayt.com/en/uae/jobs/electrical-engineer-contracting-71845963/,30+ days ago
Mechanical Engineer-Contracting,Juma Al Majid Group,Dubai Â· UAE,"The Mechanical Engineer will be responsible for designing, developing, and supervising the installation of mechanical systems in variousâ€¦",https://www.bayt.com/en/uae/jobs/mechanical-engineer-contracting-71845957/,30+ days ago
Safety Officer -Contracting,Duncan & RossDubai Â· UAE,Dubai Â· UAE,"The Safety Officer will be responsible for overseeing the safety practices and policies at construction sites, ensuring complianceâ€¦",https://www.bayt.com/en/uae/jobs/safety-officer-contracting-71845960/,30+ days ago
Civil Engineer-Contracting,Duncan & Ross,Dubai Â· UAE,"Job Summary: The Civil Engineer will be responsible for planning, designing, and overseeing construction and maintenance of buildingâ€¦",https://www.bayt.com/en/uae/jobs/civil-engineer-contracting-71845958/,30+ days ago
QA QC Engineer-Infrastructure,SonarSourceDubai Â· UAE,Dubai Â· UAE,Job Summary: The QA/QC Engineer is responsible for implementing and maintaining quality standards for infrastructure projects . Thisâ€¦,https://www.bayt.com/en/uae/jobs/qa-qc-engineer-infrastructure-71840204/,30+ days ago
Senior Data Engineer,SonarSource,Dubai Â· UAE,Position : Senior Data Engineer Experience : 4-5Years Salary : Depends upon experience Location : Dubai Job Description We are seekingâ€¦,https://www.bayt.com/en/uae/jobs/senior-data-engineer-71825687/,30+ days ago
PROCESS ENGINEER - HYDRAULIC SURGE,Duncan & RossDubai Â· UAE,Dubai Â· UAE,About the job PROCESS ENGINEER - HYDRAULIC SURGE The Process Engineer - Hydraulic Surge is responsible for performing detailed surgeâ€¦,https://www.bayt.com/en/uae/jobs/process-engineer-hydraulic-surge-71828223/,30+ days ago
Civil Engineer,Duncan & Ross,Dubai Â· UAE,Position : Civil Engineer Experience : 5+years Salary : Depends upon Experience Location : Dubai Job Description We are seekingâ€¦,https://www.bayt.com/en/uae/jobs/civil-engineer-71821822/,30+ days ago
Software Cloud Architect,MphExpertsDubai Â· UAE,Dubai Â· UAE,About the job Software Cloud Architect Job Summary: We are seeking a highly skilled Software Cloud Architect with extensive hands-onâ€¦,https://www.bayt.com/en/uae/jobs/software-cloud-architect-71821710/,30+ days ago
Design Engineer,MphExperts,Dubai Â· UAE,Position : Design Engineer Experience : 5+Years Salary: depends upon experience Location : Dubai Job Description We are seekingâ€¦,https://www.bayt.com/en/uae/jobs/design-engineer-71815997/,30+ days ago
Project Engineer,SiscoDubai Â· UAE,Dubai Â· UAE,Position : Project Engineer Experience : 4-5Years Salary: depends upon experience Location : Dubai Job Description --------------â€¦,https://www.bayt.com/en/uae/jobs/project-engineer-71815989/,30+ days ago
Civil Engineer,Sisco,Dubai Â· UAE,"JOB SUMMARY: Civil engineer must design, develop and supervise range of projects related to the security systems installation fromâ€¦",https://www.bayt.com/en/uae/jobs/civil-engineer-71812110/,30+ days ago
Project Engineer,MVPDubai Â· UAE,Dubai Â· UAE,"Our client, a leading steel structure firm, is renowned for its high-profile projects across the UAE. Operating from state-of-the-artâ€¦",https://www.bayt.com/en/uae/jobs/project-engineer-71814105/,30+ days ago
Site Engineer-Marble Trading,MVP,Dubai Â· UAE,"We are seeking a dedicated and skilled Site Engineer to join our dynamic team at a leading Marble Distribution company in Dubai, UAE.â€¦",https://www.bayt.com/en/uae/jobs/site-engineer-marble-trading-71800951/,30+ days ago
INTERNSHIP : Robotics Projects Jr Engineer,Ladwig consultingDubai Â· UAE,Dubai Â· UAE,"1. Main Duties and Responsibilities 1.1. Robot Setup : To setup robots, as per the scope of work directed in the project documentâ€¦",https://www.bayt.com/en/uae/jobs/internship-robotics-projects-jr-engineer-71804854/,30+ days ago
SENIOR ARCHITECT,Ladwig consulting,Dubai Â· UAE,About the job SENIOR ARCHITECT PURPOSE OF THE JOB: ï»¿ï»¿ ï»¿ï»¿The purpose of the job of a Senior BIM Architect is to lead and oversee theâ€¦,https://www.bayt.com/en/uae/jobs/senior-architect-71804510/,30+ days ago
PROJECT ARCHITECT,Careers InternationalDubai Â· UAE,Dubai Â· UAE,About the job PROJECT ARCHITECT PURPOSE OF THE JOB: We are looking for a talented and detail-oriented Project Architect to join ourâ€¦,https://www.bayt.com/en/uae/jobs/project-architect-71804810/,30+ days ago
Senior Planning Engineer,Careers International,Dubai Â· UAE,Black & Grey HR is recruiting for a diversified group seeking a Planning Manager. The incumbent will lead the strategic planningâ€¦,https://www.bayt.com/en/uae/jobs/senior-planning-engineer-71794307/,30+ days ago
Estimation Engineer,Expert Hub Robotic SolutionsDubai Â· UAE,Dubai Â· UAE,"Our client, a leading metalwork firm, is renowned for its high-profile projects across the UAE. Operating from state-of-the-art facilitiesâ€¦",https://www.bayt.com/en/uae/jobs/estimation-engineer-71795179/,30+ days ago
Quantity Surveyor,Expert Hub Robotic Solutions,Dubai Â· UAE,"Our client, a leading metalwork firm, is renowned for its high-profile projects across the UAE. Operating from state-of-the-art facilitiesâ€¦",https://www.bayt.com/en/uae/jobs/quantity-surveyor-71795283/,30+ days ago
Estimator -Infrastructure,Duncan & RossDubai Â· UAE,Dubai Â· UAE,The Estimator for Infrastructure Projects will be responsible for accurately estimating the costs of construction projects and managingâ€¦,https://www.bayt.com/en/uae/jobs/estimator-infrastructure-71794320/,30+ days ago
Project Architect,Duncan & Ross,Dubai Â· UAE,This fantastic architectural practice in Dubai are looking for an Project Architect with between 3-5 years post Part-III experienceâ€¦,https://www.bayt.com/en/uae/jobs/project-architect-71798174/,30+ days ago
Technical /Materials Engineer,Duncan & RossDubai Â· UAE,Dubai Â· UAE,"Our client, a leading metalwork firm, is renowned for its high-profile projects across the UAE. Operating from state-of-the-art facilitiesâ€¦",https://www.bayt.com/en/uae/jobs/technical-materials-engineer-71795184/,30+ days ago
Architect,Duncan & Ross,Dubai Â· UAE,"Our client, is a renowned international real estate developer headquartered in Dubai, known for its commitment to innovation and excellenceâ€¦",https://www.bayt.com/en/uae/jobs/architect-71795282/,30+ days ago
Civil Engineer,Black & Grey HR Consultancy FZEDubai Â· UAE,Dubai Â· UAE,About the job Civil Engineer We are looking for a skilled and experienced Civil Engineer with a Dubai Municipality (DM) approved licenseâ€¦,https://www.bayt.com/en/uae/jobs/civil-engineer-71760177/,30+ days ago
ENGINEER - MEP,Black & Grey HR Consultancy FZE,Dubai Â· UAE,"Operational Responsibilities 1. Supervise the MEP installations, operation, and maintenance to ensure that the services and equipmentâ€™sâ€¦",https://www.bayt.com/en/uae/jobs/engineer-mep-71752297/,30+ days ago
Planning Engineer-Steel,Ladwig consultingDubai Â· UAE,Dubai Â· UAE,"The Planning Engineer is responsible for developing, monitoring, and updating project schedules for steel fabrication, manufacturing,â€¦",https://www.bayt.com/en/uae/jobs/planning-engineer-steel-71745379/,30+ days ago
Site Engineer - Gamma Fire Fighting LLC,Ladwig consulting,Dubai Â· UAE,Gamma Fire Fighting is a member of Gamma Holding Ltd and has become one of the leading Fire Protection Engineering Company in Unitedâ€¦,https://www.bayt.com/en/uae/jobs/site-engineer-gamma-fire-fighting-llc-71732957/,30+ days ago
Lead Process Engineer,Ladwig consultingDubai Â· UAE,Dubai Â· UAE,"Wood is a global leader in consulting and engineering, helping to unlock solutions to critical challenges in energy and materialsâ€¦",https://www.bayt.com/en/uae/jobs/lead-process-engineer-71783623/,30+ days ago
Senior Application Engineer,Ladwig consulting,Dubai Â· UAE,"Our Mission is to Simplify Life. We are looking to Simplify and automate complex decision-making for customer centric industries,â€¦",https://www.bayt.com/en/uae/jobs/senior-application-engineer-71728587/,30+ days ago
